<?xml version="1.0" encoding="UTF-8"?>

<!-- * converters.xml * * Copyright (C) 2017 Universidad de Sevilla * * The 
	use of this project is hereby constrained to the conditions of the * TDG 
	Licence, a copy of which you may download from * http://www.tdg-seville.info/License.html -->

<beans xmlns="http://www.springframework.org/schema/beans"
	xmlns:xsi="http://www.w3.org/2001/XMLSchema-instance" xmlns:util="http://www.springframework.org/schema/util"
	xsi:schemaLocation="
		http://www.springframework.org/schema/beans http://www.springframework.org/schema/beans/spring-beans-4.0.xsd		
		http://www.springframework.org/schema/util http://www.springframework.org/schema/util/spring-util-4.0.xsd		
	">

	<util:list id="converters">
		<bean class="converters.ActorToStringConverter" />
		<bean class="converters.StringToActorConverter" />

		<bean class="converters.AdministratorToStringConverter" />
		<bean class="converters.StringToAdministratorConverter" />

		<bean class="converters.ApplicationToStringConverter" />
		<bean class="converters.StringToApplicationConverter" />

		<bean class="converters.CategoryToStringConverter" />
		<bean class="converters.StringToCategoryConverter" />

		<bean class="converters.ComplaintToStringConverter" />
		<bean class="converters.StringToComplaintConverter" />

		<bean class="converters.CreditCardToStringConverter" />
		<bean class="converters.StringToCreditCardConverter" />

		<bean class="converters.CurriculumToStringConverter" />
		<bean class="converters.StringToCurriculumConverter" />

		<bean class="converters.CustomerToStringConverter" />
		<bean class="converters.StringToCustomerConverter" />

		<bean class="converters.EducationRecordToStringConverter" />
		<bean class="converters.StringToEducationRecordConverter" />

		<bean class="converters.EndorsementToStringConverter" />
		<bean class="converters.StringToEndorsementConverter" />

		<bean class="converters.EndorserRecordToStringConverter" />
		<bean class="converters.StringToEndorserRecordConverter" />

		<bean class="converters.EndorserToStringConverter" />
		<bean class="converters.StringToEndorserConverter" />

		<bean class="converters.FinderToStringConverter" />
		<bean class="converters.StringToFinderConverter" />

		<bean class="converters.FixUpTaskToStringConverter" />
		<bean class="converters.StringToFixUpTaskConverter" />

		<bean class="converters.HandyWorkerToStringConverter" />
		<bean class="converters.StringToHandyWorkerConverter" />

		<bean class="converters.MessageBoxToStringConverter" />
		<bean class="converters.StringToMessageBoxConverter" />

		<bean class="converters.MessageToStringConverter" />
		<bean class="converters.StringToMessageConverter" />

		<bean class="converters.MiscellaneousRecordToStringConverter" />
		<bean class="converters.StringToMiscellaneousRecordConverter" />

		<bean class="converters.NoteToStringConverter" />
		<bean class="converters.StringToNoteConverter" />

		<bean class="converters.PersonalRecordToStringConverter" />
		<bean class="converters.StringToPersonalRecordConverter" />

		<bean class="converters.PhaseToStringConverter" />
		<bean class="converters.StringToPhaseConverter" />

		<bean class="converters.ProfessionalRecordToStringConverter" />
		<bean class="converters.StringToProfessionalRecordConverter" />

		<bean class="converters.RefereeToStringConverter" />
		<bean class="converters.StringToRefereeConverter" />

		<bean class="converters.ReportToStringConverter" />
		<bean class="converters.StringToReportConverter" />

		<bean class="converters.SectionToStringConverter" />
		<bean class="converters.StringToSectionConverter" />

		<bean class="converters.SocialProfileToStringConverter" />
		<bean class="converters.StringToSocialProfileConverter" />

		<bean class="converters.SponsorToStringConverter" />
		<bean class="converters.StringToSponsorConverter" />

		<bean class="converters.SponsorshipToStringConverter" />
		<bean class="converters.StringToSponsorshipConverter" />

		<bean class="converters.SystemConfigurationToStringConverter" />
		<bean class="converters.StringToSystemConfigurationConverter" />

		<bean class="converters.TutorialToStringConverter" />
		<bean class="converters.StringToTutorialConverter" />

		<bean class="converters.WarrantyToStringConverter" />
		<bean class="converters.StringToWarrantyConverter" />

		<bean class="converters.MapToStringConverter" />
		<bean class="converters.StringToMapConverter" />

		<bean class="converters.UserAccountToStringConverter" />
		<bean class="converters.StringToUserAccountConverter" />
	</util:list>

</beans>