<?xml version="1.0" encoding="UTF-8"?>

<!-- * PopulateDatabase.xml * * Copyright (C) 2017 Universidad de Sevilla 
	* * The use of this project is hereby constrained to the conditions of the 
	* TDG Licence, a copy of which you may download from * http://www.tdg-seville.info/License.html -->

<beans xmlns="http://www.springframework.org/schema/beans"
	xmlns:xsi="http://www.w3.org/2001/XMLSchema-instance" xmlns:util="http://www.springframework.org/schema/util"
	xsi:schemaLocation="
    http://www.springframework.org/schema/util http://www.springframework.org/schema/util/spring-util-3.0.xsd
    http://www.springframework.org/schema/beans http://www.springframework.org/schema/beans/spring-beans.xsd">


	<!-- ACTORS -->

	<!-- Customers -->

	<bean id="customer1" class="domain.Customer">
		<property name="name" value="Francisco" />
		<property name="surname" value="Berrocal Ribas" />
		<property name="email" value="frabelrib@mail.com" />
		<property name="isSuspicious" value="false" />
		<property name="messageBoxes">
			<list>
				<ref bean="inBoxCustomer1" />
				<ref bean="outBoxCustomer1" />
				<ref bean="spamBoxCustomer1" />
				<ref bean="trashBoxCustomer1" />
			</list>
		</property>
		<property name="userAccount" ref="userCustomer1" />
		<property name="score" value="0" />
		<property name="fixUpTasks">
			<list>
				<ref bean="fixUpTask1_1" />
				<ref bean="fixUpTask2_1" />
				<ref bean="fixUpTask3_1" />
				<ref bean="fixUpTask4_1" />
			</list>
		</property>
		<property name="creditCards">
			<list>
				<ref bean="creditCard1" />
				<ref bean="creditCard2" />
			</list>
		</property>
		<property name="complaints">
			<list>
				<ref bean="complaint1_1_1" />
				<ref bean="complaint2_1_1" />
				<ref bean="complaint1_2_1" />
				<ref bean="complaint2_2_1" />
			</list>
		</property>

	</bean>

	<bean id="customer2" class="domain.Customer">
		<property name="name" value="Lorena" />
		<property name="middleName" value="María" />
		<property name="surname" value="Revuelta Berbel" />
		<property name="photo"
			value="https://media.aweita.larepublica.pe/678x508/aweita/imagen/2018/02/08/noticia-persona-positiva.png" />
		<property name="email" value="lorrevber@mail.com" />
		<property name="phoneNumber" value="+34689945823" />
		<property name="address"
			value="C/ Villa Crepúsculo, 1 (Dos Hermanas, Sevilla)" />
		<property name="isSuspicious" value="false" />
		<property name="socialProfiles">
			<list>
				<ref bean="socialCustomer2_1" />
				<ref bean="socialCustomer2_2" />
			</list>
		</property>
		<property name="messageBoxes">
			<list>
				<ref bean="inBoxCustomer2" />
				<ref bean="outBoxCustomer2" />
				<ref bean="spamBoxCustomer2" />
				<ref bean="trashBoxCustomer2" />
			</list>
		</property>
		<property name="userAccount" ref="userCustomer2" />
		<property name="score" value="0" />
		<property name="fixUpTasks">
			<list>
				<ref bean="fixUpTask1_2" />
				<ref bean="fixUpTask2_2" />
			</list>
		</property>
		<property name="creditCards">
			<list>
				<ref bean="creditCard3" />
				<ref bean="creditCard4" />
			</list>
		</property>
		<property name="complaints">
			<list>
				<ref bean="complaint1_1_2" />
				<ref bean="complaint2_1_2" />
				<ref bean="complaint1_2_2" />
				<ref bean="complaint2_2_2" />
			</list>
		</property>
	</bean>

	<!-- HandyWorkers -->

	<bean id="handyWorker1" class="domain.HandyWorker">
		<property name="name" value="Rosa" />
		<property name="surname" value="Santacruz Alejo" />
		<property name="email" value="rossanale@mail.com" />
		<property name="isSuspicious" value="false" />
		<property name="messageBoxes">
			<list>
				<ref bean="inBoxHandyWorker1" />
				<ref bean="outBoxHandyWorker1" />
				<ref bean="spamBoxHandyWorker1" />
				<ref bean="trashBoxHandyWorker1" />
			</list>
		</property>
		<property name="userAccount" ref="userHandyWorker1" />
		<property name="make" value="Handy Worker 1 S.A." />
		<property name="score" value="0" />
		<property name="tutorial">
			<list>
				<ref bean="tutorial1_1" />
				<ref bean="tutorial2_1" />
				<ref bean="tutorial3_1" />
			</list>
		</property>
		<property name="applications">
			<list>
				<ref bean="application1_1_1" />
				<ref bean="application2_1_1" />
				<ref bean="application1_2_1" />
				<ref bean="application2_2_1" />
			</list>
		</property>
		<property name="finder" ref="finderHW1" />
		<property name="curriculum" ref="curriculum1" />
	</bean>

	<bean id="handyWorker2" class="domain.HandyWorker">
		<property name="name" value="Esteban" />
		<property name="middleName" value="Coralino" />
		<property name="surname" value="Riesco Motos" />
		<property name="photo"
			value="http://s1.1zoom.me/b5050/425/GTA_5_Men_Trevor_Philips_Formal_shirt_518191_1920x1080.jpg" />
		<property name="email" value="estriemot@mail.com" />
		<property name="phoneNumber" value="+34653384191" />
		<property name="address" value="C/ San Fransokyo, 83 (Espartinas, Sevilla)" />
		<property name="isSuspicious" value="true" />
		<property name="socialProfiles">
			<list>
				<ref bean="socialHandyWorker2_1" />
			</list>
		</property>
		<property name="messageBoxes">
			<list>
				<ref bean="inBoxHandyWorker2" />
				<ref bean="outBoxHandyWorker2" />
				<ref bean="spamBoxHandyWorker2" />
				<ref bean="trashBoxHandyWorker2" />
			</list>
		</property>
		<property name="userAccount" ref="userHandyWorker2" />
		<property name="make" value="Handy Worker 2 S.A." />
		<property name="score" value="0" />
		<property name="tutorial">
			<list>
				<ref bean="tutorial1_2" />
				<ref bean="tutorial2_2" />
				<ref bean="tutorial3_2" />
			</list>
		</property>
		<property name="applications">
			<list>
				<ref bean="application1_1_2" />
				<ref bean="application2_1_2" />
				<ref bean="application1_2_2" />
				<ref bean="application2_2_2" />
			</list>
		</property>
		<property name="finder" ref="finderHW2" />
		<property name="curriculum" ref="curriculum2" />
	</bean>

	<!-- Referees -->

	<bean id="referee1" class="domain.Referee">
		<property name="name" value="Eugenio" />
		<property name="surname" value="Mancera Viñas" />
		<property name="email" value="eugmanvin@mail.com" />
		<property name="isSuspicious" value="false" />
		<property name="messageBoxes">
			<list>
				<ref bean="inBoxReferee1" />
				<ref bean="outBoxReferee1" />
				<ref bean="spamBoxReferee1" />
				<ref bean="trashBoxReferee1" />
			</list>
		</property>
		<property name="userAccount" ref="userReferee1" />
		<property name="complaints">
			<list>
				<ref bean="complaint1_1_1" />
				<ref bean="complaint2_1_1" />
				<ref bean="complaint1_2_1" />
				<ref bean="complaint2_2_1" />
				<ref bean="complaint1_1_2" />
				<ref bean="complaint2_1_2" />
			</list>
		</property>
	</bean>

	<bean id="referee2" class="domain.Referee">
		<property name="name" value="Jose" />
		<property name="middleName" value="Ramón" />
		<property name="surname" value="Cañas Negrin" />
		<property name="photo"
			value="http://pm1.narvii.com/6251/0f26bc6a5146516de97ce173531d5617d7e6f154_00.jpg" />
		<property name="email" value="joscanneg@mail.com" />
		<property name="phoneNumber" value="+34722691000" />
		<property name="address" value="C/ Neverland, 23 (Mairena, Sevilla)" />
		<property name="isSuspicious" value="false" />
		<property name="socialProfiles">
			<list>
				<ref bean="socialReferee2_1" />
			</list>
		</property>
		<property name="messageBoxes">
			<list>
				<ref bean="inBoxReferee2" />
				<ref bean="outBoxReferee2" />
				<ref bean="spamBoxReferee2" />
				<ref bean="trashBoxReferee2" />
			</list>
		</property>
		<property name="userAccount" ref="userReferee2" />
		<property name="complaints">
			<list>
				<ref bean="complaint1_2_2" />
				<ref bean="complaint2_2_2" />

			</list>
		</property>
	</bean>

	<!-- Sponsor -->

	<bean id="sponsor1" class="domain.Sponsor">
		<property name="name" value="Rodrigo" />
		<property name="surname" value="Salguero Benitez" />
		<property name="email" value="rodsalben@mail.com" />
		<property name="isSuspicious" value="false" />
		<property name="messageBoxes">
			<list>
				<ref bean="inBoxSponsor1" />
				<ref bean="outBoxSponsor1" />
				<ref bean="spamBoxSponsor1" />
				<ref bean="trashBoxSponsor1" />
			</list>
		</property>
		<property name="userAccount" ref="userSponsor1" />
		<property name="sponsorships">
			<list>
				<ref bean="sponsorship1_1" />
				<ref bean="sponsorship2_1" />
				<ref bean="sponsorship3_1" />
			</list>
		</property>
		<property name="creditCards">
			<list>
				<ref bean="creditCard5" />
			</list>
		</property>
	</bean>

	<bean id="sponsor2" class="domain.Sponsor">
		<property name="name" value="María" />
		<property name="middleName" value="Rocío" />
		<property name="surname" value="Álvarez Fraga" />
		<property name="photo"
			value="https://vignette.wikia.nocookie.net/kingdomhearts/images/2/22/Kairi_with_her_Keyblade_KHII.PNG/revision/latest?cb=20170207174847" />
		<property name="email" value="maralvfra@mail.com" />
		<property name="phoneNumber" value="+34651345852" />
		<property name="address" value="C/ Recuerdos Lejanos, 7 (Groenlandia)" />
		<property name="isSuspicious" value="true" />
		<property name="socialProfiles">
			<list>
				<ref bean="socialSponsor2_1" />
				<ref bean="socialSponsor2_2" />
			</list>
		</property>
		<property name="messageBoxes">
			<list>
				<ref bean="inBoxSponsor2" />
				<ref bean="outBoxSponsor2" />
				<ref bean="spamBoxSponsor2" />
				<ref bean="trashBoxSponsor2" />
			</list>
		</property>
		<property name="userAccount" ref="userSponsor2" />
		<property name="sponsorships">
			<list>
				<ref bean="sponsorship1_2" />
				<ref bean="sponsorship2_2" />
				<ref bean="sponsorship3_2" />
			</list>
		</property>
		<property name="creditCards">
			<list>
				<ref bean="creditCard6" />
			</list>
		</property>
	</bean>

	<!-- Administrator -->

	<bean id="administrator1" class="domain.Administrator">
		<property name="name" value="Lucía" />
		<property name="surname" value="Aparicio Bataller" />
		<property name="email" value="lucapabat@mail.com" />
		<property name="isSuspicious" value="false" />
		<property name="messageBoxes">
			<list>
				<ref bean="inBoxAdmin1" />
				<ref bean="outBoxAdmin1" />
				<ref bean="spamBoxAdmin1" />
				<ref bean="trashBoxAdmin1" />
			</list>
		</property>
		<property name="userAccount" ref="userAdmin1" />
	</bean>

	<bean id="administrator2" class="domain.Administrator">
		<property name="name" value="José" />
		<property name="middleName" value="Carlos" />
		<property name="surname" value="Gamiz Redondo" />
		<property name="photo"
			value="https://ih1.redbubble.net/image.376305132.3400/flat,550x550,075,f.u1.jpg" />
		<property name="email" value="josgamred@mail.com" />
		<property name="phoneNumber" value="+34611987654" />
		<property name="address" value="C/ Atlántica, 1 (Málaga)" />
		<property name="isSuspicious" value="true" />
		<property name="socialProfiles">
			<list>
				<ref bean="socialAdministrator2_1" />
			</list>
		</property>
		<property name="messageBoxes">
			<list>
				<ref bean="inBoxAdmin2" />
				<ref bean="outBoxAdmin2" />
				<ref bean="spamBoxAdmin2" />
				<ref bean="trashBoxAdmin2" />
			</list>
		</property>
		<property name="userAccount" ref="userAdmin2" />
	</bean>

	<!-- APPLICATIONs -->
	<!-- application(id application)_(id fixUpTask)_if(customer) -->
	<!-- Application 1 for the FUP1 of the customer 1 -->
	<bean id="application1_1_1" class="domain.Application">
		<property name="registeredMoment" value="08/11/2018 17:55" />
		<property name="status" value="PENDING" />
		<property name="offeredPrice" value="40." />
		<property name="customerComment"
			value="Okay man" />
		<property name="handyWorkerComment"
			value="I am experienced in window reparation because..." />
		<property name="fixUpTask">
			<ref bean="fixUpTask1_1" />
		</property>
		<property name="applicant">
			<ref bean="handyWorker1" />
		</property>
	</bean>

	<!-- Application 2 for the FUP1 of the customer 1 -->
	<bean id="application2_1_1" class="domain.Application">
		<property name="registeredMoment" value="08/11/2018 18:43" />
		<property name="status" value="ACCEPTED" />
		<property name="offeredPrice" value="43." />
		<property name="customerComment"
			value="Okay bro" />
		<property name="handyWorkerComment"
			value="I am experienced in all type of reparations because..." />
		<property name="creditCard">
			<ref bean="creditCard1" />
		</property>
		<property name="fixUpTask">
			<ref bean="fixUpTask1_1" />
		</property>
		<property name="applicant" ref="handyWorker1" />
	</bean>

	<!-- Application 1 for the FUP2 of the customer 1 -->
	<bean id="application1_2_1" class="domain.Application">
		<property name="registeredMoment" value="09/11/2018 15:27" />
		<property name="status" value="PENDING" />
		<property name="offeredPrice" value="80." />
		<property name="handyWorkerComment"
			value="I can fix it" />
		<property name="creditCard">
			<ref bean="creditCard1" />
		</property>
		<property name="fixUpTask">
			<ref bean="fixUpTask2_1" />
		</property>
		<property name="applicant">
			<ref bean="handyWorker1" />
		</property>
	</bean>
	<!-- Application 2 for the FUP2 of the customer 1 -->
	<bean id="application2_2_1" class="domain.Application">
		<property name="registeredMoment" value="09/11/2018 15:27" />
		<property name="status" value="REJECTED" />
		<property name="offeredPrice" value="20." />
		<property name="handyWorkerComment" value="I can fix it" />
		<property name="fixUpTask">
			<ref bean="fixUpTask2_1" />
		</property>
		<property name="applicant">
			<ref bean="handyWorker1" />
		</property>
	</bean>

	<!-- Application 1 for the FUP1 of the customer 2 -->
	<bean id="application1_1_2" class="domain.Application">
		<property name="registeredMoment" value="09/11/2018 15:27" />
		<property name="status" value="REJECTED" />
		<property name="offeredPrice" value="20." />
		<property name="handyWorkerComment" value="I can fix it" />
		<property name="creditCard">
			<ref bean="creditCard3" />
		</property>
		<property name="fixUpTask">
			<ref bean="fixUpTask1_2" />
		</property>
		<property name="applicant">
			<ref bean="handyWorker2" />
		</property>
	</bean>


	<!-- Application 2 for the FUP1 of the customer 2 -->
	<bean id="application2_1_2" class="domain.Application">
		<property name="registeredMoment" value="09/11/2018 15:27" />
		<property name="status" value="REJECTED" />
		<property name="offeredPrice" value="20." />
		<property name="handyWorkerComment" value="I can fix it" />
		<property name="fixUpTask">
			<ref bean="fixUpTask1_2" />
		</property>
		<property name="applicant">
			<ref bean="handyWorker2" />
		</property>
	</bean>

	<!-- Application 1 for the FUP2 of the customer 2 -->
	<bean id="application1_2_2" class="domain.Application">
		<property name="registeredMoment" value="09/11/2018 15:27" />
		<property name="status" value="REJECTED" />
		<property name="offeredPrice" value="20." />
		<property name="handyWorkerComment" value="I can fix it" />
		<property name="fixUpTask">
			<ref bean="fixUpTask2_2" />
		</property>
		<property name="applicant">
			<ref bean="handyWorker2" />
		</property>
	</bean>

	<!-- Application 2 for the FUP2 of the customer 2 -->
	<bean id="application2_2_2" class="domain.Application">
		<property name="registeredMoment" value="09/11/2018 15:27" />
		<property name="status" value="REJECTED" />
		<property name="offeredPrice" value="20." />
		<property name="handyWorkerComment" value="I can fix it" />
		<property name="creditCard">
			<ref bean="creditCard1" />
		</property>
		<property name="fixUpTask">
			<ref bean="fixUpTask2_2" />
		</property>
		<property name="applicant">
			<ref bean="handyWorker2" />
		</property>
	</bean>

	<!-- SYSTEM CONFIGURATION -->

	<bean id="sysConf" class="domain.SystemConfiguration">
		<property name="systemName" value="Acme Handy Worker" />
		<property name="welcomeMessage">
			<util:map id="utilmap0" map-class="java.util.HashMap"
				key-type="java.lang.String" value-type="java.lang.String">
				<entry key="Español"
					value="¡Bienvenidos a Acme-HandyWorker! precio,calidad y confianza en el mismo sitio" />
				<entry key="English"
					value="Welcome to Acme-HandyWorker! price,quality,and trust in a single place" />
			</util:map>
		</property>
		<property name="banner" value="https://irp-cdn.multiscreensite.com/3737b2b6/dms3rep/multi/desktop/4-2000x889.jpg" />
		<property name="VAT" value=".21" />
		<property name="listCreditCardMakes" value="VISA,MASTER,DINNERS,AMEX" />
		<property name="countryCode" value="+034" />
		<property name="timeResultsCached" value="1" />
		<property name="maxResults" value="10" />
		<property name="spamWords"
			value="sex,viagra,cialis,one million,you've been selected,nigeria,sexo,un millón,un millon,has sido seleccionado" />
		<property name="positiveWords"
			value="fantastic,awesome,good,amusing,amazing,fantastico,fantástico,genial,bueno,increible,increíble,divertido" />
		<property name="negativeWords"
			value="bad,horrendous,horrible,disgusting,malo,horrendo,horroroso" />

	</bean>

	<!-- CURRICULUM -->

	<bean id="curriculum1" class="domain.Curriculum">
		<property name="ticker" value="159023-9A2B3C" />
		<property name="personalRecord" ref="personalrecords1"></property>
		<property name="educationRecords">
			<list>
				<ref bean="educationRecords3"></ref>
				<ref bean="educationRecords4"></ref>
			</list>
		</property>
		<property name="professionalRecords">
			<list>
				<ref bean="professionalRecords3"></ref>
				<ref bean="professionalRecords4"></ref>
			</list>
		</property>
		<property name="endorserRecords">
			<list>
				<ref bean="endorserRecords3"></ref>
				<ref bean="endorserRecords4"></ref>
			</list>
		</property>
		<property name="miscellaneousRecords">
			<list>
				<ref bean="miscellaneousRecords3"></ref>
				<ref bean="miscellaneousRecords4"></ref>
			</list>
		</property>
	</bean>



	<bean id="curriculum2" class="domain.Curriculum">
		<property name="ticker" value="189023-9A2B3C" />
		<property name="personalRecord" ref="personalrecords2"></property>
		<property name="educationRecords">
			<list>
				<ref bean="educationRecords1"></ref>
				<ref bean="educationRecords2"></ref>
			</list>
		</property>
		<property name="professionalRecords">
			<list>
				<ref bean="professionalRecords1"></ref>
				<ref bean="professionalRecords2"></ref>
			</list>
		</property>
		<property name="endorserRecords">
			<list>
				<ref bean="endorserRecords1"></ref>
				<ref bean="endorserRecords2"></ref>
			</list>
		</property>
		<property name="miscellaneousRecords">
			<list>
				<ref bean="miscellaneousRecords1"></ref>
				<ref bean="miscellaneousRecords2"></ref>
			</list>
		</property>
	</bean>

	<!-- PERSONAL RECORDS -->
	<bean id="personalrecords1" class="domain.PersonalRecord">
		<property name="fullName" value="Jesus Rico" />
		<property name="photo"
			value="https://78.media.tumblr.com/1d9f32206edb6766e03a295125d" />
		<property name="email" value="jesus9610@gmail.com" />
		<property name="phoneNumber" value="618922570" />
		<property name="linkedinLink" value="https://linkedin.com/78y9d87" />
	</bean>
	<bean id="personalrecords2" class="domain.PersonalRecord">
		<property name="fullName" value="Carlos Rico" />
		<property name="photo"
			value="https://78.media.tumblr.com/1d9f32206sdopfi66e03a295125d" />
		<property name="email" value="Carlos9610@gmail.com" />
		<property name="phoneNumber" value="618902579" />
		<property name="linkedinLink" value="https://linkedin.com/78sdio87" />
	</bean>
	<!-- EDUCATION RECORDS -->
	<bean id="educationRecords1" class="domain.EducationRecord">
		<property name="diplomaTitle" value="Cambridge" />
		<property name="startDate" value="09/09/2006" />
		<property name="endDate" value="10/10/2006" />
		<property name="institutionName" value="US" />
		<property name="linkAttachment" value="https://linkedin.com/78y7297d9d87" />
		<property name="comments" value="Esto es un comentario" />
	</bean>
	<bean id="educationRecords2" class="domain.EducationRecord">
		<property name="diplomaTitle" value="Oxford" />
		<property name="startDate" value="07/07/2006" />
		<property name="endDate" value="09/09/2006" />
		<property name="institutionName" value="US" />
		<property name="linkAttachment" value="https://linkedin.com/78y70000d9d87" />
		<property name="comments" value="Esto es un comentario2" />
	</bean>

	<bean id="educationRecords3" class="domain.EducationRecord">
		<property name="diplomaTitle" value="Trinity" />
		<property name="startDate" value="01/01/2006" />
		<property name="endDate" value="10/10/2006" />
		<property name="institutionName" value="US" />
		<property name="linkAttachment" value="https://linkedin.com/78y70000d9d87" />
		<property name="comments" value="Esto es un comentario2" />
	</bean>

	<bean id="educationRecords4" class="domain.EducationRecord">
		<property name="diplomaTitle" value="Norway" />
		<property name="startDate" value="05/05/2006" />
		<property name="endDate" value="07/07/2006" />
		<property name="institutionName" value="US" />
		<property name="linkAttachment" value="https://linkedin.com/78y70000d9d87" />
		<property name="comments" value="Esto es un comentario2" />
	</bean>

	<!-- PROFESSIONAL RECORDS -->
	<bean id="professionalRecords1" class="domain.ProfessionalRecord">
		<property name="companyName" value="Bitnami" />
		<property name="startDate" value="09/10/2014" />
		<property name="endDate" value="09/10/2015" />
		<property name="role" value="Desarrollador Junior" />
		<property name="attachment" value="http://www.google.com" />
		<property name="comments" value="Nice job!" />
	</bean>

	<bean id="professionalRecords2" class="domain.ProfessionalRecord">
		<property name="companyName" value="Hermanos Pernía" />
		<property name="startDate" value="09/05/2016" />
		<property name="endDate" value="09/10/2016" />
		<property name="role" value="Churrera" />
		<property name="attachment" value="http://www.google.com" />
		<property name="comments" value=" " />
	</bean>

	<bean id="professionalRecords3" class="domain.ProfessionalRecord">
		<property name="companyName" value="Everist" />
		<property name="startDate" value="04/04/2016" />
		<property name="endDate" value="08/12/2016" />
		<property name="role" value="Churrera" />
		<property name="attachment" value="http://www.google.com" />
		<property name="comments" value=" " />
	</bean>

	<bean id="professionalRecords4" class="domain.ProfessionalRecord">
		<property name="companyName" value="Fujitsu" />
		<property name="startDate" value="15/11/2016" />
		<property name="endDate" value="13/12/2016" />
		<property name="role" value="Churrera" />
		<property name="attachment" value="http://www.google.com" />
		<property name="comments" value=" " />
	</bean>

	<!-- ENDORSER RECORDS -->

	<bean id="endorserRecords1" class="domain.EndorserRecord">
		<property name="fullName" value="Eustaquio Ameba Gutiérrez" />
		<property name="email" value="eusamegut@mail.com" />
		<property name="phoneNumber" value="+34683571000" />
		<property name="linkedinLink" value="http://www.linkedin.com" />
		<property name="comments" value="Nice guy bro!" />
	</bean>

	<bean id="endorserRecords2" class="domain.EndorserRecord">
		<property name="fullName" value="Alba Moreno Rubio" />
		<property name="email" value="albmorrub@mail.com" />
		<property name="phoneNumber" value="+34699888000" />
		<property name="linkedinLink" value="http://www.linkedin.com" />
		<property name="comments" value="Nice guy working!" />
	</bean>

	<bean id="endorserRecords3" class="domain.EndorserRecord">
		<property name="fullName" value="Juan Carlos Navarro Martinez" />
		<property name="email" value="juanca@mail.com" />
		<property name="phoneNumber" value="+34699888000" />
		<property name="linkedinLink" value="http://www.linkedin.com" />
		<property name="comments" value="Nice guy working!" />
	</bean>

	<bean id="endorserRecords4" class="domain.EndorserRecord">
		<property name="fullName" value="Jesús Sánchez Fernandez" />
		<property name="email" value="jesu@mail.com" />
		<property name="phoneNumber" value="+34699888000" />
		<property name="linkedinLink" value="http://www.linkedin.com" />
		<property name="comments" value="Nice guy working!" />
	</bean>

	<!-- Miscellaneous Record -->

	<bean id="miscellaneousRecords1" class="domain.MiscellaneousRecord">
		<property name="title" value="Desarrollo de apps en Android" />
		<property name="linkAttachment" value="http://udacity.com" />
		<property name="comments" value="WOW!" />
	</bean>

	<bean id="miscellaneousRecords2" class="domain.MiscellaneousRecord">
		<property name="title" value="Pintura Acrílica" />
		<property name="linkAttachment" value="http://udacity.com" />
		<property name="comments" value="WOW!" />
	</bean>

	<bean id="miscellaneousRecords3" class="domain.MiscellaneousRecord">
		<property name="title" value="Contorneador" />
		<property name="linkAttachment" value="http://udacity.com" />
		<property name="comments" value="WOW!" />
	</bean>

	<bean id="miscellaneousRecords4" class="domain.MiscellaneousRecord">
		<property name="title" value="Dessarollo php" />
		<property name="linkAttachment" value="http://udacity.com" />
		<property name="comments" value="WOW!" />
	</bean>

	<!-- CREDIT CARD -->

	<bean id="creditCard1" class="domain.CreditCard">
		<property name="holderName" value="Esteban Coralino Riesco Motos" />
		<property name="brandName" value="VISA" />
		<property name="number" value="1234567891234567" />
		<property name="expirationMonth" value="07" />
		<property name="expirationYear" value="22" />
		<property name="CVV" value="123" />
	</bean>

	<bean id="creditCard2" class="domain.CreditCard">
		<property name="holderName" value="Manolito gafotas" />
		<property name="brandName" value="VISA" />
		<property name="number" value="1234567891234999" />
		<property name="expirationMonth" value="07" />
		<property name="expirationYear" value="22" />
		<property name="CVV" value="223" />
	</bean>

	<bean id="creditCard3" class="domain.CreditCard">
		<property name="holderName" value="Julián Pérez Pérez" />
		<property name="brandName" value="VISA" />
		<property name="number" value="6572143692013651" />
		<property name="expirationMonth" value="06" />
		<property name="expirationYear" value="21" />
		<property name="CVV" value="861" />
	</bean>

	<bean id="creditCard4" class="domain.CreditCard">
		<property name="holderName" value="Pepe Viyuela" />
		<property name="brandName" value="VISA" />
		<property name="number" value="6301248569785641" />
		<property name="expirationMonth" value="08" />
		<property name="expirationYear" value="21" />
		<property name="CVV" value="165" />
	</bean>

	<bean id="creditCard5" class="domain.CreditCard">
		<property name="holderName" value="Alba Merino Expósito" />
		<property name="brandName" value="VISA" />
		<property name="number" value="6354120125896547" />
		<property name="expirationMonth" value="03" />
		<property name="expirationYear" value="21" />
		<property name="CVV" value="136" />
	</bean>

	<bean id="creditCard6" class="domain.CreditCard">
		<property name="holderName" value="Laura Infante Rodríguez" />
		<property name="brandName" value="VISA" />
		<property name="number" value="5632145789654123" />
		<property name="expirationMonth" value="01" />
		<property name="expirationYear" value="21" />
		<property name="CVV" value="133" />
	</bean>

	<!-- TUTORIAL -->
	<!-- TUTORIAL 1 written by handyWorker 1 -->
	<bean id="tutorial1_1" class="domain.Tutorial">
		<property name="title" value="How to pass DP" />
		<property name="lastUpdate" value="09/11/18 13:07" />
		<property name="summary" value="Just that, how to pass DP" />
		<property name="pictures"
			value="https://images-na.ssl-images-amazon.com/images/I/51FZh8lWu7L.jpg" />
		<property name="sections">
			<list>
				<ref bean="section1_1_1" />
				<ref bean="section2_1_1" />
			</list>
		</property>
		<property name="sponsorships">
			<list>
				<ref bean="sponsorship1_1" />
				<ref bean="sponsorship2_1" />
				<ref bean="sponsorship3_1" />
			</list>
		</property>
	</bean>

	<!-- TUTORIAL 2 written by handyWorker 1 -->
	<bean id="tutorial2_1" class="domain.Tutorial">
		<property name="title" value="How to pass PGPI" />
		<property name="lastUpdate" value="09/11/11 13:07" />
		<property name="summary" value="Just that, how to pass PGPI" />
		<property name="pictures"
			value="https://images-na.ssl-images-amazon.com/images/uwepoi7L.jpg" />
		<property name="sections">
			<list>
				<ref bean="section1_2_1" />
				<ref bean="section2_2_1" />
			</list>
		</property>
		<property name="sponsorships">
			<list>
				<ref bean="sponsorship1_1" />
				<ref bean="sponsorship2_1" />
				<ref bean="sponsorship3_1" />
			</list>
		</property>
	</bean>

	<!-- TUTORIAL 3 written by handyWorker 1 -->
	<bean id="tutorial3_1" class="domain.Tutorial">
		<property name="title" value="How to pass AII" />
		<property name="lastUpdate" value="15/11/11 12:00" />
		<property name="summary" value="Just that, how to pass AII" />
		<property name="pictures"
			value="https://images-na.ssl-images-amazon.com/images/uwepoi7L.jpg" />
		<property name="sections">
			<list>
				<ref bean="section1_3_1" />
				<ref bean="section2_3_1" />
			</list>
		</property>
		<property name="sponsorships">
			<list>
				<ref bean="sponsorship1_1" />
				<ref bean="sponsorship2_1" />
				<ref bean="sponsorship3_1" />
			</list>
		</property>
	</bean>

	<!-- TUTORIAL 1 written by handyWorker 2 -->
	<bean id="tutorial1_2" class="domain.Tutorial">
		<property name="title" value="How to pass IA" />
		<property name="lastUpdate" value="05/10/11 15:00" />
		<property name="summary" value="Just that, how to pass IA" />
		<property name="pictures"
			value="https://images-na.ssl-images-amazon.com/images/uwepoi7L.jpg" />
		<property name="sections">
			<list>
				<ref bean="section1_1_2" />
				<ref bean="section2_1_2" />
			</list>
		</property>
		<property name="sponsorships">
			<list>
				<ref bean="sponsorship1_2" />
				<ref bean="sponsorship2_2" />
				<ref bean="sponsorship3_2" />
			</list>
		</property>
	</bean>



	<!-- TUTORIAL 2 written by handyWorker 2 -->
	<bean id="tutorial2_2" class="domain.Tutorial">
		<property name="title" value="How to pass IA" />
		<property name="lastUpdate" value="05/10/11 15:00" />
		<property name="summary" value="Just that, how to pass IA" />
		<property name="pictures"
			value="https://images-na.ssl-images-amazon.com/images/uwepoi7L.jpg" />
		<property name="sections">
			<list>
				<ref bean="section1_2_2" />
				<ref bean="section2_2_2" />
			</list>
		</property>
		<property name="sponsorships">
			<list>
				<ref bean="sponsorship1_2" />
				<ref bean="sponsorship2_2" />
				<ref bean="sponsorship3_2" />
			</list>
		</property>
	</bean>

	<!-- TUTORIAL 3 written by handyWorker 2 -->
	<bean id="tutorial3_2" class="domain.Tutorial">
		<property name="title" value="How to pass IA" />
		<property name="lastUpdate" value="05/10/12 15:00" />
		<property name="summary" value="Just that, how to pass IA" />
		<property name="pictures"
			value="https://images-na.ssl-images-amazon.com/images/uwepoi7L.jpg" />
		<property name="sections">
			<list>
				<ref bean="section1_3_2" />
				<ref bean="section2_3_2" />
			</list>
		</property>
		<property name="sponsorships">
			<list>
				<ref bean="sponsorship1_2" />
				<ref bean="sponsorship2_2" />
				<ref bean="sponsorship3_2" />
			</list>
		</property>
	</bean>

	<!-- SECTION -->
	<!-- SECTION 1 of the tutorial 1 written by handyWorker 1 -->
	<bean id="section1_1_1" class="domain.Section">
		<property name="title" value="Introduction" />
		<property name="text"
			value="This tutorial will let you know some advices about this subject, in order to avoid critical errors on the organization." />
		<property name="pictures" value="https://tubmrl.com/b/HnNcMCBw" />
		<property name="number" value="1" />
	</bean>

	<!-- SECTION 2 of the tutorial 1 written by handyWorker 1 -->
	<bean id="section2_1_1" class="domain.Section">
		<property name="title" value="Review" />
		<property name="text"
			value="check the improvements and the problems that have occurred" />
		<property name="pictures" value="https://tubmrl.com/b/HnNcMCBw" />
		<property name="number" value="2" />
	</bean>

	<!-- SECTION 1 of the tutorial 2 written by handyWorker 1 -->
	<bean id="section1_2_1" class="domain.Section">
		<property name="title" value="Introduction" />
		<property name="text"
			value="This tutorial will let you know some advices about this subject, in order to avoid critical errors on the organization." />
		<property name="pictures" value="https://tubmrl.com/b/HnNcMCBw" />
		<property name="number" value="1" />
	</bean>

	<!-- SECTION 2 of the tutorial 2 written by handyWorker 1 -->
	<bean id="section2_2_1" class="domain.Section">
		<property name="title" value="Review" />
		<property name="text"
			value="check the improvements and the problems that have occurred." />
		<property name="pictures" value="https://tubmrl.com/b/HnNcMCBw" />
		<property name="number" value="2" />
	</bean>

	<!-- SECTION 1 of the tutorial 3 written by handyWorker 1 -->
	<bean id="section1_3_1" class="domain.Section">
		<property name="title" value="Introduction" />
		<property name="text" value="Short introduction about the subject." />
		<property name="pictures" value="https://tubmrl.com/b/HnNcMCBw" />
		<property name="number" value="1" />
	</bean>


	<!-- SECTION 2 of the tutorial 3 written by handyWorker 1 -->
	<bean id="section2_3_1" class="domain.Section">
		<property name="title" value="Review" />
		<property name="text" value="Review of the project." />
		<property name="pictures" value="https://tubmrl.com/b/HnNcMCBw" />
		<property name="number" value="2" />
	</bean>

	<!-- SECTION 1 of the tutorial 1 written by handyWorker 2 -->
	<bean id="section1_1_2" class="domain.Section">
		<property name="title" value="Introduction" />
		<property name="text" value="Short introduction about the subject." />
		<property name="pictures" value="https://tubmrl.com/b/HnNcMCBw" />
		<property name="number" value="1" />
	</bean>


	<!-- SECTION 2 of the tutorial 1 written by handyWorker 2 -->
	<bean id="section2_1_2" class="domain.Section">
		<property name="title" value="Review" />
		<property name="text" value="Review of the project." />
		<property name="pictures" value="https://tubmrl.com/b/HnNcMCBw" />
		<property name="number" value="2" />
	</bean>

	<!-- SECTION 1 of the tutorial 2 written by handyWorker 2 -->
	<bean id="section1_2_2" class="domain.Section">
		<property name="title" value="Introduction" />
		<property name="text" value="Short introduction about the subject." />
		<property name="pictures" value="https://tubmrl.com/b/HnNcMCBw" />
		<property name="number" value="1" />
	</bean>

	<!-- SECTION 2 of the tutorial 2 written by handyWorker 2 -->
	<bean id="section2_2_2" class="domain.Section">
		<property name="title" value="Review" />
		<property name="text" value="Review of the project." />
		<property name="pictures" value="https://tubmrl.com/b/HnNcMCBw" />
		<property name="number" value="2" />
	</bean>


	<!-- SECTION 1 of the tutorial 3 written by handyWorker 2 -->
	<bean id="section1_3_2" class="domain.Section">
		<property name="title" value="Introduction" />
		<property name="text" value="Short introduction about the subject." />
		<property name="pictures" value="https://tubmrl.com/b/HnNcMCBw" />
		<property name="number" value="1" />
	</bean>

	<!-- SECTION 2 of the tutorial 3 written by handyWorker 2 -->
	<bean id="section2_3_2" class="domain.Section">
		<property name="title" value="Review" />
		<property name="text" value="Review of the project." />
		<property name="pictures" value="https://tubmrl.com/b/HnNcMCBw" />
		<property name="number" value="2" />
	</bean>
	<!-- MESSAGE BOXes -->

	<!-- Administrator 1 -->
	<bean id="inBoxAdmin1" class="domain.MessageBox">
		<property name="name" value="In box" />
		<property name="isPredefined" value="true" />
		<property name="messages">
			<null />
		</property>
	</bean>

	<bean id="outBoxAdmin1" class="domain.MessageBox">
		<property name="name" value="Out box" />
		<property name="isPredefined" value="true" />
		<property name="messages">
			<ref bean="message1" />
		</property>
	</bean>

	<bean id="trashBoxAdmin1" class="domain.MessageBox">
		<property name="name" value="Trash box" />
		<property name="isPredefined" value="true" />
		<property name="messages">
			<null />
		</property>
	</bean>

	<bean id="spamBoxAdmin1" class="domain.MessageBox">
		<property name="name" value="Spam box" />
		<property name="isPredefined" value="true" />
		<property name="messages">
			<null />
		</property>
	</bean>

	<!-- Administrator 2 -->
	<bean id="inBoxAdmin2" class="domain.MessageBox">
		<property name="name" value="In box" />
		<property name="isPredefined" value="true" />
		<property name="messages">
			<null />
		</property>
	</bean>

	<bean id="outBoxAdmin2" class="domain.MessageBox">
		<property name="name" value="Out box" />
		<property name="isPredefined" value="true" />
		<property name="messages">
			<ref bean="message2" />
		</property>
	</bean>

	<bean id="trashBoxAdmin2" class="domain.MessageBox">
		<property name="name" value="Trash box" />
		<property name="isPredefined" value="true" />
		<property name="messages">
			<null />
		</property>
	</bean>

	<bean id="spamBoxAdmin2" class="domain.MessageBox">
		<property name="name" value="Spam box" />
		<property name="isPredefined" value="true" />
		<property name="messages">
			<null />
		</property>
	</bean>

	<!-- Customer 1 -->
	<bean id="inBoxCustomer1" class="domain.MessageBox">
		<property name="name" value="In box" />
		<property name="isPredefined" value="true" />
		<property name="messages">
			<null />
		</property>
	</bean>

	<bean id="outBoxCustomer1" class="domain.MessageBox">
		<property name="name" value="Out box" />
		<property name="isPredefined" value="true" />
		<property name="messages">
			<null />
		</property>
	</bean>

	<bean id="trashBoxCustomer1" class="domain.MessageBox">
		<property name="name" value="Trash box" />
		<property name="isPredefined" value="true" />
		<property name="messages">
			<null />
		</property>
	</bean>

	<bean id="spamBoxCustomer1" class="domain.MessageBox">
		<property name="name" value="Spam box" />
		<property name="isPredefined" value="true" />
		<property name="messages">
			<null />
		</property>
	</bean>

	<!-- Customer 2 -->
	<bean id="inBoxCustomer2" class="domain.MessageBox">
		<property name="name" value="In box" />
		<property name="isPredefined" value="true" />
		<property name="messages">
			<null />
		</property>
	</bean>

	<bean id="outBoxCustomer2" class="domain.MessageBox">
		<property name="name" value="Out box" />
		<property name="isPredefined" value="true" />
		<property name="messages">
			<null />
		</property>
	</bean>

	<bean id="trashBoxCustomer2" class="domain.MessageBox">
		<property name="name" value="Trash box" />
		<property name="isPredefined" value="true" />
		<property name="messages">
			<null />
		</property>
	</bean>

	<bean id="spamBoxCustomer2" class="domain.MessageBox">
		<property name="name" value="Spam box" />
		<property name="isPredefined" value="true" />
		<property name="messages">
			<null />
		</property>
	</bean>

	<!-- Referee 1 -->
	<bean id="inBoxReferee1" class="domain.MessageBox">
		<property name="name" value="In box" />
		<property name="isPredefined" value="true" />
		<property name="messages">
			<null />
		</property>
	</bean>

	<bean id="outBoxReferee1" class="domain.MessageBox">
		<property name="name" value="Out box" />
		<property name="isPredefined" value="true" />
		<property name="messages">
			<null />
		</property>
	</bean>

	<bean id="trashBoxReferee1" class="domain.MessageBox">
		<property name="name" value="Trash box" />
		<property name="isPredefined" value="true" />
		<property name="messages">
			<null />
		</property>
	</bean>

	<bean id="spamBoxReferee1" class="domain.MessageBox">
		<property name="name" value="Spam box" />
		<property name="isPredefined" value="true" />
		<property name="messages">
			<null />
		</property>
	</bean>

	<!-- Referee 2 -->
	<bean id="inBoxReferee2" class="domain.MessageBox">
		<property name="name" value="In box" />
		<property name="isPredefined" value="true" />
		<property name="messages">
			<null />
		</property>
	</bean>

	<bean id="outBoxReferee2" class="domain.MessageBox">
		<property name="name" value="Out box" />
		<property name="isPredefined" value="true" />
		<property name="messages">
			<null />
		</property>
	</bean>

	<bean id="trashBoxReferee2" class="domain.MessageBox">
		<property name="name" value="Trash box" />
		<property name="isPredefined" value="true" />
		<property name="messages">
			<null />
		</property>
	</bean>

	<bean id="spamBoxReferee2" class="domain.MessageBox">
		<property name="name" value="Spam box" />
		<property name="isPredefined" value="true" />
		<property name="messages">
			<null />
		</property>
	</bean>

	<!-- Sponsor 1 -->
	<bean id="inBoxSponsor1" class="domain.MessageBox">
		<property name="name" value="In box" />
		<property name="isPredefined" value="true" />
		<property name="messages">
			<ref bean="message1" />
		</property>
	</bean>

	<bean id="outBoxSponsor1" class="domain.MessageBox">
		<property name="name" value="Out box" />
		<property name="isPredefined" value="true" />
		<property name="messages">
			<null />
		</property>
	</bean>

	<bean id="trashBoxSponsor1" class="domain.MessageBox">
		<property name="name" value="Trash box" />
		<property name="isPredefined" value="true" />
		<property name="messages">
			<null />
		</property>
	</bean>

	<bean id="spamBoxSponsor1" class="domain.MessageBox">
		<property name="name" value="Spam box" />
		<property name="isPredefined" value="true" />
		<property name="messages">
			<null />
		</property>
	</bean>

	<!-- Sponsor2 -->

	<bean id="inBoxSponsor2" class="domain.MessageBox">
		<property name="name" value="In box" />
		<property name="isPredefined" value="true" />
		<property name="messages">
			<list>
				<ref bean="message2" />
			</list>
		</property>
	</bean>

	<bean id="outBoxSponsor2" class="domain.MessageBox">
		<property name="name" value="Out box" />
		<property name="isPredefined" value="true" />
		<property name="messages">
			<null />
		</property>
	</bean>

	<bean id="trashBoxSponsor2" class="domain.MessageBox">
		<property name="name" value="Trash box" />
		<property name="isPredefined" value="true" />
		<property name="messages">
			<null />
		</property>
	</bean>


	<bean id="spamBoxSponsor2" class="domain.MessageBox">
		<property name="name" value="Spam box" />
		<property name="isPredefined" value="true" />
		<property name="messages">
			<null />
		</property>
	</bean>

	<!-- HandyWorker 1 -->
	<bean id="inBoxHandyWorker1" class="domain.MessageBox">
		<property name="name" value="In box" />
		<property name="isPredefined" value="true" />
		<property name="messages">
			<null />
		</property>
	</bean>

	<bean id="outBoxHandyWorker1" class="domain.MessageBox">
		<property name="name" value="Out box" />
		<property name="isPredefined" value="true" />
		<property name="messages">
			<null />
		</property>
	</bean>

	<bean id="trashBoxHandyWorker1" class="domain.MessageBox">
		<property name="name" value="Trash box" />
		<property name="isPredefined" value="true" />
		<property name="messages">
			<null />
		</property>
	</bean>

	<bean id="spamBoxHandyWorker1" class="domain.MessageBox">
		<property name="name" value="Spam box" />
		<property name="isPredefined" value="true" />
		<property name="messages">
			<null />
		</property>
	</bean>

	<!-- HandyWorker 2 -->
	<bean id="inBoxHandyWorker2" class="domain.MessageBox">
		<property name="name" value="In box" />
		<property name="isPredefined" value="true" />
		<property name="messages">
			<null />
		</property>
	</bean>

	<bean id="outBoxHandyWorker2" class="domain.MessageBox">
		<property name="name" value="Out box" />
		<property name="isPredefined" value="true" />
		<property name="messages">
			<null />
		</property>
	</bean>

	<bean id="trashBoxHandyWorker2" class="domain.MessageBox">
		<property name="name" value="Trash box" />
		<property name="isPredefined" value="true" />
		<property name="messages">
			<null />
		</property>
	</bean>

	<bean id="spamBoxHandyWorker2" class="domain.MessageBox">
		<property name="name" value="Spam box" />
		<property name="isPredefined" value="true" />
		<property name="messages">
			<null />
		</property>
	</bean>

	<!-- Messages -->

	<bean id="message1" class="domain.Message">
		<property name="sendMoment" value="12/12/2016 05:32:14" />
		<property name="subject" value="message1" />
		<property name="body" value="body message 1" />
		<property name="priority" value="LOW" />
		<property name="tags" value="good" />
		<property name="sender">
			<ref bean="administrator1" />
		</property>
		<property name="recipient">
			
				<ref bean="sponsor1" />
			
		</property>
		<property name="messageBoxes">
			<list>
				<ref bean="inBoxSponsor1" />

				<ref bean="outBoxAdmin1" />
			</list>
		</property>
	</bean>

	<bean id="message2" class="domain.Message">
		<property name="sendMoment" value="12/12/2016 05:32:14" />
		<property name="subject" value="message2" />
		<property name="body" value="body message 2" />
		<property name="priority" value="LOW" />
		<property name="tags" value="good" />
		<property name="sender">
			<ref bean="administrator2" />
		</property>
		<property name="recipient">
			
				<ref bean="sponsor2" />
			
		</property>
		<property name="messageBoxes">
			<list>
				<ref bean="inBoxSponsor2" />
				<ref bean="outBoxAdmin2" />
			</list>
		</property>
	</bean>
	<!-- User accounts -->

	<!-- ADMINISTRATORS -->
	<bean id="userAdmin1" class="security.UserAccount">
		<property name="username" value="admin" />
		<property name="password" value="21232f297a57a5a743894a0e4a801fc3" />
		<property name="isBanned" value="false" />
		<property name="authorities">
			<list>
				<bean class="security.Authority">
					<property name="authority" value="ADMINISTRATOR" />
				</bean>
			</list>
		</property>
	</bean>

	<bean id="userAdmin2" class="security.UserAccount">
		<property name="username" value="admin2" />
		<property name="password" value="028f0b21dfed163939cfdc837eedba54" />
		<property name="isBanned" value="false" />
		<property name="authorities">
			<list>
				<bean class="security.Authority">
					<property name="authority" value="ADMINISTRATOR" />
				</bean>
			</list>
		</property>
	</bean>

	<!-- CUSTOMERS -->
	<bean id="userCustomer1" class="security.UserAccount">
		<property name="username" value="customer1" />
		<property name="password" value="ffbc4675f864e0e9aab8bdf7a0437010" />
		<property name="isBanned" value="false" />
		<property name="authorities">
			<list>
				<bean class="security.Authority">
					<property name="authority" value="CUSTOMER" />
				</bean>
			</list>
		</property>
	</bean>

	<bean id="userCustomer2" class="security.UserAccount">
		<property name="username" value="customer2" />
		<property name="password" value="5ce4d191fd14ac85a1469fb8c29b7a7b" />
		<property name="isBanned" value="false" />
		<property name="authorities">
			<list>
				<bean class="security.Authority">
					<property name="authority" value="CUSTOMER" />
				</bean>
			</list>
		</property>
	</bean>

	<!-- REFEREE -->
	<bean id="userReferee1" class="security.UserAccount">
		<property name="username" value="referee1" />
		<property name="password" value="092d469d0a71c8002e32f808b861f9a4" />
		<property name="isBanned" value="false" />
		<property name="authorities">
			<list>
				<bean class="security.Authority">
					<property name="authority" value="REFEREE" />
				</bean>
			</list>
		</property>
	</bean>

	<bean id="userReferee2" class="security.UserAccount">
		<property name="username" value="referee2" />
		<property name="password" value="4f556d5a66f4fe0d058523a7b8e19d91" />
		<property name="isBanned" value="false" />
		<property name="authorities">
			<list>
				<bean class="security.Authority">
					<property name="authority" value="REFEREE" />
				</bean>
			</list>
		</property>
	</bean>

	<!-- SPONSOR -->
	<bean id="userSponsor1" class="security.UserAccount">
		<property name="username" value="sponsor1" />
		<property name="password" value="42c63ad66d4dc07ed17753772bef96d6" />
		<property name="isBanned" value="false" />
		<property name="authorities">
			<list>
				<bean class="security.Authority">
					<property name="authority" value="SPONSOR" />
				</bean>
			</list>
		</property>
	</bean>

	<bean id="userSponsor2" class="security.UserAccount">
		<property name="username" value="sponsor2" />
		<property name="password" value="3dc67f80a03324e01b1640f45d107485" />
		<property name="isBanned" value="false" />
		<property name="authorities">
			<list>
				<bean class="security.Authority">
					<property name="authority" value="SPONSOR" />
				</bean>
			</list>
		</property>
	</bean>

	<!-- HANDYWORKER -->

	<bean id="userHandyWorker1" class="security.UserAccount">
		<property name="username" value="handyWorker1" />
		<property name="password" value="3d0e201c52a6e13f27d22b6777711541" />
		<property name="isBanned" value="false" />
		<property name="authorities">
			<list>
				<bean class="security.Authority">
					<property name="authority" value="HANDYWORKER" />
				</bean>
			</list>
		</property>
	</bean>

	<bean id="userHandyWorker2" class="security.UserAccount">
		<property name="username" value="handyWorker2" />
		<property name="password" value="549dbd77d30ecab6ca4c047cd795333f" />
		<property name="isBanned" value="false" />
		<property name="authorities">
			<list>
				<bean class="security.Authority">
					<property name="authority" value="HANDYWORKER" />
				</bean>
			</list>
		</property>
	</bean>

	<!-- Endorsement -->

	<bean id="endorsementCustomer1_1" class="domain.Endorsement">
		<property name="publishedMoment" value="11/11/18 12:26" />
		<property name="comments" value="This customer is amazingly amazing" />

		<property name="recipient" ref="customer1" />
		<property name="sender" ref="handyWorker2" />

	</bean>

	<bean id="endorsementCustomer1_2" class="domain.Endorsement">
		<property name="publishedMoment" value="05/11/18 15:56" />
		<property name="comments" value="This customer is amazingly amazing 2" />

		<property name="recipient" ref="customer1" />
		<property name="sender" ref="handyWorker2" />

	</bean>

	<bean id="endorsementHandyWorker1_1" class="domain.Endorsement">
		<property name="publishedMoment" value="07/10/18 20:43" />
		<property name="comments"
			value="This handy worker works so well that he can build a house in a minute" />

		<property name="recipient" ref="handyWorker1" />
		<property name="sender" ref="customer2" />

	</bean>

	<!-- SOCIAL PROFILE -->

	<!-- Administrator2 -->
	<bean id="socialAdministrator2_1" class="domain.SocialProfile">
		<property name="nick" value="socialAdministrator2" />
		<property name="socialNetwork" value="Instagram" />
		<property name="link" value="https://www.instagram.com/" />
	</bean>

	<!-- Customer2 -->
	<bean id="socialCustomer2_1" class="domain.SocialProfile">
		<property name="nick" value="socialCustomer2" />
		<property name="socialNetwork" value="LinkedIn" />
		<property name="link" value="https://es.linkedin.com/" />
	</bean>

	<bean id="socialCustomer2_2" class="domain.SocialProfile">
		<property name="nick" value="socialCustomer2" />
		<property name="socialNetwork" value="Twitter" />
		<property name="link" value="https://twitter.com/?lang=en" />
	</bean>

	<!-- Referee2 -->
	<bean id="socialReferee2_1" class="domain.SocialProfile">
		<property name="nick" value="socialReferee2" />
		<property name="socialNetwork" value="Tumblr" />
		<property name="link" value="https://www.tumblr.com/" />
	</bean>

	<!-- Sponsor2 -->
	<bean id="socialSponsor2_1" class="domain.SocialProfile">
		<property name="nick" value="socialSponsor2" />
		<property name="socialNetwork" value="VK" />
		<property name="link" value="https://vk.com/" />
	</bean>

	<bean id="socialSponsor2_2" class="domain.SocialProfile">
		<property name="nick" value="socialSponsor2" />
		<property name="socialNetwork" value="Reddit" />
		<property name="link" value="https://reddit.com/" />
	</bean>

	<!-- HandyWorker2 -->
	<bean id="socialHandyWorker2_1" class="domain.SocialProfile">
		<property name="nick" value="socialHandyWorker2" />
		<property name="socialNetwork" value="Flickr" />
		<property name="link" value="https://www.flickr.com/" />
	</bean>

	<!-- FIX UP TASKs -->

	<!-- FixUpTasks del customer 1 fixUpTask(id fix)_1 -->

	<!-- FixUpTask 1 del customer1 -->
	<bean id="fixUpTask1_1" class="domain.FixUpTask">
		<property name="ticker" value="012345-ASDFGH" />
		<property name="publishedMoment" value="08/11/2017 10:37" />
		<property name="description"
			value="Replace the window of my house because its broken" />
		<property name="address" value="c/Nostromo, 8, Seville" />
		<property name="maxPrice" value="50." />
		<property name="startMoment" value="13/01/2019 17:40" />
		<property name="endMoment" value="17/11/2020 18:30" />
		<property name="applications">
			<list>
				<ref bean="application1_1_1" />
				<ref bean="application2_1_1" />
			</list>
		</property>
		<property name="category">
			<ref bean="windowRepair" />
		</property>
		<property name="warranty">
			<ref bean="warranty1" />
		</property>
		<property name="complaints">
			<list>
				<ref bean="complaint1_1_1" />
				<ref bean="complaint2_1_1" />
			</list>
		</property>
	</bean>

	<!-- FixUpTask 2 del customer1 -->
	<bean id="fixUpTask2_1" class="domain.FixUpTask">
		<property name="ticker" value="123456-ASDFGH" />
		<property name="publishedMoment" value="08/11/2017 10:44" />
		<property name="description"
			value="Repair the toilet because water leaks from the deposit" />
		<property name="address" value="c/Nostromo, 8, Seville" />
		<property name="maxPrice" value="30." />
		<property name="startMoment" value="01/11/2020 18:30" />
		<property name="endMoment" value="15/11/2020 19:00" />
		<property name="applications">
			<list>
				<ref bean="application1_2_1" />
				<ref bean="application2_2_1" />
			</list>
		</property>
		<property name="category">
			<ref bean="plumbingRepairs" />
		</property>
		<property name="warranty">
			<ref bean="warranty1" />
		</property>
		<property name="complaints">
			<list>
				<ref bean="complaint1_2_1" />
				<ref bean="complaint2_2_1" />
			</list>
		</property>
	</bean>

	<!-- FixUpTask 3 del customer1 -->

	<bean id="fixUpTask3_1" class="domain.FixUpTask">
		<property name="ticker" value="098646-ASDFGH" />
		<property name="publishedMoment" value="08/11/2017 21:30" />
		<property name="description" value="Fix a principal door" />
		<property name="address" value="c/Virgen de luján, 3, Seville" />
		<property name="maxPrice" value="55." />
		<property name="startMoment" value="10/11/2020 18:30" />
		<property name="endMoment" value="18/11/2020 19:00" />
		<property name="applications">
			<list>

			</list>
		</property>
		<property name="category">
			<ref bean="ceilingRepair" />
		</property>
		<property name="warranty">
			<ref bean="warranty1" />
		</property>
		<property name="complaints">
			<list>

			</list>
		</property>
	</bean>

	<!-- FixUpTask 4 del customer1 -->

	<bean id="fixUpTask4_1" class="domain.FixUpTask">
		<property name="ticker" value="951423-ASDFGH" />
		<property name="publishedMoment" value="01/10/2017 10:00" />
		<property name="description" value="Fix a bed" />
		<property name="address" value="c/Virgen del pilar, 3, Seville" />
		<property name="maxPrice" value="20." />
		<property name="startMoment" value="03/12/2020 18:30" />
		<property name="endMoment" value="04/12/2020 19:00" />
		<property name="applications">
			<list>

			</list>
		</property>
		<property name="category">
			<ref bean="homeSecuritySystem" />
		</property>
		<property name="warranty">
			<ref bean="warranty1" />
		</property>
		<property name="complaints">
			<list>

			</list>
		</property>
	</bean>

	<!-- FixUpTasks del customer 2 fixUpTask(id fix)_2 -->

	<!-- FixUpTask 1 del customer2 -->
	<bean id="fixUpTask1_2" class="domain.FixUpTask">
		<property name="ticker" value="264027-ASDFGH" />
		<property name="publishedMoment" value="17/10/2017 13:31" />
		<property name="description" value="Fix a table" />
		<property name="address" value="c/Tyrellco, 19, Los Ángeles" />
		<property name="maxPrice" value="40." />
		<property name="startMoment" value="25/10/2020 17:00" />
		<property name="endMoment" value="30/10/2020 17:00" />
		<property name="applications">
			<list>
				<ref bean="application1_1_2" />
				<ref bean="application2_1_2" />
			</list>
		</property>
		<property name="category">
			<ref bean="pestControl" />
		</property>
		<property name="warranty">
			<ref bean="warranty1" />
		</property>
		<property name="complaints">
			<list>
				<ref bean="complaint1_1_2" />
				<ref bean="complaint2_1_2" />
			</list>
		</property>
	</bean>

	<!-- FixUpTask 2 del customer2 -->

	<bean id="fixUpTask2_2" class="domain.FixUpTask">
		<property name="ticker" value="654987-ASDFGH" />
		<property name="publishedMoment" value="04/10/2017 15:00" />
		<property name="description" value="Fix an entire house" />
		<property name="address" value="c/Diputacion, 19, Seville" />
		<property name="maxPrice" value="1000." />
		<property name="startMoment" value="10/11/2020 17:00" />
		<property name="endMoment" value="30/11/2020 17:00" />
		<property name="applications">
			<list>
				<ref bean="application1_2_2" />
				<ref bean="application2_2_2" />
			</list>
		</property>
		<property name="category">
			<ref bean="roofing" />
		</property>
		<property name="warranty">
			<ref bean="warranty1" />
		</property>
		<property name="complaints">
			<list>
				<ref bean="complaint1_2_2" />
				<ref bean="complaint2_2_2" />
				<ref bean="complaint_X" />
			</list>
		</property>
	</bean>


	<!-- CATEGORIES -->

	<!-- CATEGORY -->
	<bean id="CATEGORY" class="domain.Category">
		<property name="name">
			<util:map id="utilmap" map-class="java.util.HashMap"
				key-type="java.lang.String" value-type="java.lang.String">
				<entry key="Español" value="CATEGORIA" />
				<entry key="English" value="CATEGORY" />
			</util:map>
		</property>
		<property name="parentCategory">
			<null />
		</property>
		<property name="childCategories">
			<list>
				<ref bean="repairs" />
				<ref bean="housing" />
				<ref bean="carpentry" />
			</list>
		</property>
	</bean>

	<!-- REPAIRS -->
	<bean id="repairs" class="domain.Category">
		<property name="name">
			<util:map id="utilmap1" map-class="java.util.HashMap"
				key-type="java.lang.String" value-type="java.lang.String">
				<entry key="Español" value="Reparaciones" />
				<entry key="English" value="Repairs" />
			</util:map>
		</property>
		<property name="parentCategory">
			<ref bean="CATEGORY" />
		</property>
		<property name="childCategories">
			<list>
				<ref bean="ceilingRepair" />
				<ref bean="fenceFixing" />
				<ref bean="lampRepairs" />
				<ref bean="plumbingRepairs" />
				<ref bean="sprinklerRepair" />
				<ref bean="windowRepair" />
			</list>
		</property>
	</bean>

	<!-- HOUSING -->
	<bean id="housing" class="domain.Category">
		<property name="name">
			<util:map id="utilmap2" map-class="java.util.HashMap"
				key-type="java.lang.String" value-type="java.lang.String">
				<entry key="Español" value="Hogar" />
				<entry key="English" value="Housing" />
			</util:map>
		</property>
		<property name="parentCategory">
			<ref bean="CATEGORY" />
		</property>
		<property name="childCategories">
			<list>
				<ref bean="cleaning" />
				<ref bean="concreteWork" />
				<ref bean="doors" />
				<ref bean="electricalWiring" />
				<ref bean="fanInstallation" />
				<ref bean="homeSecuritySystem" />
				<ref bean="insulationInstallation" />
				<ref bean="moving" />
				<ref bean="painting" />
				<ref bean="pestControl" />
				<ref bean="plumbingRepairs" />
				<ref bean="shelfInstallation" />
				<ref bean="solarPanels" />
				<ref bean="soundProofing" />
			</list>
		</property>
	</bean>

	<!-- Carpentry -->
	<bean id="carpentry" class="domain.Category">
		<property name="name">
			<util:map id="utilmap3" map-class="java.util.HashMap"
				key-type="java.lang.String" value-type="java.lang.String">
				<entry key="Español" value="Carpintería" />
				<entry key="English" value="Carpentry" />
			</util:map>
		</property>
		<property name="parentCategory">
			<ref bean="CATEGORY" />
		</property>
		<property name="childCategories">
			<list>
			</list>
		</property>
	</bean>

	<!-- Ceiling Repair -->
	<bean id="ceilingRepair" class="domain.Category">
		<property name="name">
			<util:map id="utilmap4" map-class="java.util.HashMap"
				key-type="java.lang.String" value-type="java.lang.String">
				<entry key="Español" value="Reparación de techo" />
				<entry key="English" value="Ceiling repair" />
			</util:map>
		</property>
		<property name="parentCategory">
			<ref bean="repairs" />
		</property>
		<property name="childCategories">
			<list>
			</list>
		</property>
	</bean>

	<!-- Cleaning -->
	<bean id="cleaning" class="domain.Category">
		<property name="name">
			<util:map id="utilmap5" map-class="java.util.HashMap"
				key-type="java.lang.String" value-type="java.lang.String">
				<entry key="Español" value="Limpieza" />
				<entry key="English" value="Cleaning" />
			</util:map>
		</property>
		<property name="parentCategory">
			<ref bean="housing" />
		</property>
		<property name="childCategories">
			<list>
			</list>
		</property>
	</bean>

	<!-- Concrete work -->
	<bean id="concreteWork" class="domain.Category">
		<property name="name">
			<util:map id="utilmap6" map-class="java.util.HashMap"
				key-type="java.lang.String" value-type="java.lang.String">
				<entry key="Español" value="Trabajos especiales" />
				<entry key="English" value="Repairs" />
			</util:map>
		</property>
		<property name="parentCategory">
			<ref bean="housing" />
		</property>
		<property name="childCategories">
			<list>
			</list>
		</property>
	</bean>

	<!-- Doors -->
	<bean id="doors" class="domain.Category">
		<property name="name">
			<util:map id="utilmap7" map-class="java.util.HashMap"
				key-type="java.lang.String" value-type="java.lang.String">
				<entry key="Español" value="Puertas" />
				<entry key="English" value="Doors" />
			</util:map>
		</property>
		<property name="parentCategory">
			<ref bean="housing" />
		</property>
		<property name="childCategories">
			<list>
			</list>
		</property>
	</bean>

	<!-- Electrical Wiring -->
	<bean id="electricalWiring" class="domain.Category">
		<property name="name">
			<util:map id="utilmap8" map-class="java.util.HashMap"
				key-type="java.lang.String" value-type="java.lang.String">
				<entry key="Español" value="Cableado eléctrico" />
				<entry key="English" value="Electrical wiring" />
			</util:map>
		</property>
		<property name="parentCategory">
			<ref bean="housing" />
		</property>
		<property name="childCategories">
			<list>
			</list>
		</property>
	</bean>

	<!-- Fan installation -->
	<bean id="fanInstallation" class="domain.Category">
		<property name="name">
			<util:map id="utilmap9" map-class="java.util.HashMap"
				key-type="java.lang.String" value-type="java.lang.String">
				<entry key="Español" value="Instalación de aire acondicionado" />
				<entry key="English" value="Fan installation" />
			</util:map>
		</property>
		<property name="parentCategory">
			<ref bean="housing" />
		</property>
		<property name="childCategories">
			<list>
			</list>
		</property>
	</bean>

	<!-- Fence fixing -->
	<bean id="fenceFixing" class="domain.Category">
		<property name="name">
			<util:map id="utilmap10" map-class="java.util.HashMap"
				key-type="java.lang.String" value-type="java.lang.String">
				<entry key="Español" value="Reparación de vallas" />
				<entry key="English" value="Fence fixing" />
			</util:map>
		</property>
		<property name="parentCategory">
			<ref bean="repairs" />
		</property>
		<property name="childCategories">
			<list>
			</list>
		</property>
	</bean>

	<!-- Home Security Systems -->
	<bean id="homeSecuritySystem" class="domain.Category">
		<property name="name">
			<util:map id="utilmap11" map-class="java.util.HashMap"
				key-type="java.lang.String" value-type="java.lang.String">
				<entry key="Español" value="Equipo de seguridad en casas" />
				<entry key="English" value="Home security systems" />
			</util:map>
		</property>
		<property name="parentCategory">
			<ref bean="housing" />
		</property>
		<property name="childCategories">
			<list>
			</list>
		</property>
	</bean>

	<!-- Insulation Installation -->
	<bean id="insulationInstallation" class="domain.Category">
		<property name="name">
			<util:map id="utilmap12" map-class="java.util.HashMap"
				key-type="java.lang.String" value-type="java.lang.String">
				<entry key="Español" value="Aislamiento térmico" />
				<entry key="English" value="Insulation installation" />
			</util:map>
		</property>
		<property name="parentCategory">
			<ref bean="housing" />
		</property>
		<property name="childCategories">
			<list>
			</list>
		</property>
	</bean>

	<!-- Lamp Repairs -->
	<bean id="lampRepairs" class="domain.Category">
		<property name="name">
			<util:map id="utilmap13" map-class="java.util.HashMap"
				key-type="java.lang.String" value-type="java.lang.String">
				<entry key="Español" value="Reparación de lámparas" />
				<entry key="English" value="Lamp repairs" />
			</util:map>
		</property>
		<property name="parentCategory">
			<ref bean="repairs" />
		</property>
		<property name="childCategories">
			<list>
			</list>
		</property>
	</bean>

	<!-- Moving -->
	<bean id="moving" class="domain.Category">
		<property name="name">
			<util:map id="utilmap14" map-class="java.util.HashMap"
				key-type="java.lang.String" value-type="java.lang.String">
				<entry key="Español" value="Mudanzas" />
				<entry key="English" value="Moving" />
			</util:map>
		</property>
		<property name="parentCategory">
			<ref bean="housing" />
		</property>
		<property name="childCategories">
			<list>
			</list>
		</property>
	</bean>

	<!-- Painting -->
	<bean id="painting" class="domain.Category">
		<property name="name">
			<util:map id="utilmap15" map-class="java.util.HashMap"
				key-type="java.lang.String" value-type="java.lang.String">
				<entry key="Español" value="Pintura" />
				<entry key="English" value="Painting" />
			</util:map>
		</property>
		<property name="parentCategory">
			<ref bean="housing" />
		</property>
		<property name="childCategories">
			<list>
			</list>
		</property>
	</bean>

	<!-- Pest Control -->
	<bean id="pestControl" class="domain.Category">
		<property name="name">
			<util:map id="utilmap16" map-class="java.util.HashMap"
				key-type="java.lang.String" value-type="java.lang.String">
				<entry key="Español" value="Control de plagas" />
				<entry key="English" value="Pest control" />
			</util:map>
		</property>
		<property name="parentCategory">
			<ref bean="housing" />
		</property>
		<property name="childCategories">
			<list>
			</list>
		</property>
	</bean>

	<!-- Plumbing Repairs -->
	<bean id="plumbingRepairs" class="domain.Category">
		<property name="name">
			<util:map id="utilmap17" map-class="java.util.HashMap"
				key-type="java.lang.String" value-type="java.lang.String">
				<entry key="Español" value="Fontanería" />
				<entry key="English" value="Plumbing repairs" />
			</util:map>
		</property>
		<property name="parentCategory">
			<ref bean="repairs" />
		</property>
		<property name="childCategories">
			<list>
			</list>
		</property>
	</bean>

	<!-- Roofing -->
	<bean id="roofing" class="domain.Category">
		<property name="name">
			<util:map id="utilmap18" map-class="java.util.HashMap"
				key-type="java.lang.String" value-type="java.lang.String">
				<entry key="Español" value="Tejados" />
				<entry key="English" value="Roofing" />
			</util:map>
		</property>
		<property name="parentCategory">
			<ref bean="housing" />
		</property>
		<property name="childCategories">
			<list>
			</list>
		</property>
	</bean>

	<!-- Shelf Installation -->
	<bean id="shelfInstallation" class="domain.Category">
		<property name="name">
			<util:map id="utilmap19" map-class="java.util.HashMap"
				key-type="java.lang.String" value-type="java.lang.String">
				<entry key="Español" value="Instalación de estanterías" />
				<entry key="English" value="Shelf installation" />
			</util:map>
		</property>
		<property name="parentCategory">
			<ref bean="housing" />
		</property>
		<property name="childCategories">
			<list>
			</list>
		</property>
	</bean>

	<!-- Solar Panels -->
	<bean id="solarPanels" class="domain.Category">
		<property name="name">
			<util:map id="utilmap20" map-class="java.util.HashMap"
				key-type="java.lang.String" value-type="java.lang.String">
				<entry key="Español" value="Paneles solares" />
				<entry key="English" value="Solar panels" />
			</util:map>
		</property>
		<property name="parentCategory">
			<ref bean="housing" />
		</property>
		<property name="childCategories">
			<list>
			</list>
		</property>
	</bean>

	<!-- Soundproofing -->
	<bean id="soundProofing" class="domain.Category">
		<property name="name">
			<util:map id="utilmap21" map-class="java.util.HashMap"
				key-type="java.lang.String" value-type="java.lang.String">
				<entry key="Español" value="Insonorización" />
				<entry key="English" value="Soundproofing" />
			</util:map>
		</property>
		<property name="parentCategory">
			<ref bean="housing" />
		</property>
		<property name="childCategories">
			<list>
			</list>
		</property>
	</bean>

	<!-- Sprinkler Repair -->
	<bean id="sprinklerRepair" class="domain.Category">
		<property name="name">
			<util:map id="utilmap22" map-class="java.util.HashMap"
				key-type="java.lang.String" value-type="java.lang.String">
				<entry key="Español" value="Reparación de riego" />
				<entry key="English" value="Sprinkler repair" />
			</util:map>
		</property>
		<property name="parentCategory">
			<ref bean="repairs" />
		</property>
		<property name="childCategories">
			<list>
			</list>
		</property>
	</bean>

	<!-- Window Repair -->
	<bean id="windowRepair" class="domain.Category">
		<property name="name">
			<util:map id="utilmap23" map-class="java.util.HashMap"
				key-type="java.lang.String" value-type="java.lang.String">
				<entry key="Español" value="Reparación de ventanas" />
				<entry key="English" value="Window repair" />
			</util:map>
		</property>
		<property name="parentCategory">
			<ref bean="repairs" />
		</property>
		<property name="childCategories">
			<list>
			</list>
		</property>
	</bean>

	<!-- WARRANTIES -->

	<!-- Warranty for the customer 1 -->
	<bean id="warranty1" class="domain.Warranty">
		<property name="title" value="Warranty final" />
		<property name="terms" value="Terms and conditions" />
		<property name="isFinal" value="true" />
		<property name="laws" value="law1,law4,law93" />
	</bean>

	<!-- Warranty for the customer 2 -->
	<bean id="warranty2" class="domain.Warranty">
		<property name="title" value="Warranty not final" />
		<property name="terms" value="Terms and conditions" />
		<property name="isFinal" value="false" />
		<property name="laws" value="law13,law54,law73" />
	</bean>


	<!-- PHASEs -->

	<!-- Phase 1 of the application 1 of the FUP 1 of the customer 2 -->
	<bean id="phase1_f121" class="domain.Phase">
		<property name="title" value="Examine the replicant" />
		<property name="description"
			value="Full examination of the repplicant to determine how bad the damage is" />
		<property name="startMoment" value="10/11/2018 08:00" />
		<property name="endMoment" value="10/11/2018 11:00" />
		<property name="fixUpTask" ref="fixUpTask1_1" />
	</bean>

	<!-- Phase 2 of the application 1 of the FUP 1 of the customer 2 -->
	<bean id="phase2_f121" class="domain.Phase">
		<property name="title" value="Repair the replicant" />
		<property name="description"
			value="Once found all the imperfections, I will proceed to..." />
		<property name="startMoment" value="10/11/2018 11:00" />
		<property name="endMoment" value="10/11/2018 18:00" />
		<property name="fixUpTask" ref="fixUpTask1_1" />
	</bean>

	<!-- Phase 3 of the application 1 of the FUP 1 of the customer 2 -->
	<bean id="phase3_f121" class="domain.Phase">
		<property name="title" value="Test replicant" />
		<property name="description" value="Test the changes applied to the replicant" />
		<property name="startMoment" value="10/11/2018 18:00" />
		<property name="endMoment" value="10/11/2018 20:00" />
		<property name="fixUpTask" ref="fixUpTask1_1" />
	</bean>

	<!-- FINDER -->

	<bean id="finderHW1" class="domain.Finder">
		<property name="searchMoment" value="01/08/2019 19:48" />
	</bean>
	
	<bean id="finderHW2" class="domain.Finder">
		<property name="searchMoment" value="01/08/2019 19:48" />
	</bean>

	<!-- COMPLAINTs -->
	<!-- Complaints about customer 1 -->
	<!-- Complaint 1 about the FUP 1 of this costumer -->
	<bean id="complaint1_1_1" class="domain.Complaint">
		<property name="ticker" value="357015-ASDFGH" />
		<property name="moment" value="01/12/2016 17:14" />
		<property name="description" value="The window is broken again" />
		<property name="fixUpTask">
			<ref bean="fixUpTask1_1" />
		</property>
	</bean>

	<!-- Complaint 2 about the FUP 1 of this costumer -->
	<bean id="complaint2_1_1" class="domain.Complaint">
		<property name="ticker" value="034854-ASDFGH" />
		<property name="moment" value="04/10/2016 18:00" />
		<property name="description" value="Need a new one" />
		<property name="fixUpTask">
			<ref bean="fixUpTask1_1" />
		</property>
	</bean>

	<!-- Complaint 1 about the FUP 2 of this costumer -->
	<bean id="complaint1_2_1" class="domain.Complaint">
		<property name="ticker" value="448899-ASDFGH" />
		<property name="moment" value="30/11/2016 18:00" />
		<property name="description" value="Toilet still losing water" />
		<property name="fixUpTask">
			<ref bean="fixUpTask2_1" />
		</property>
	</bean>

	<!-- Complaint 2 about the FUP 2 of this costumer -->
	<bean id="complaint2_2_1" class="domain.Complaint">
		<property name="ticker" value="465210-ASDFGH" />
		<property name="moment" value="15/11/2016 18:00" />
		<property name="description" value="Need a new one again." />
		<property name="fixUpTask">
			<ref bean="fixUpTask2_1" />
		</property>
	</bean>

	<!-- Complaints about customer 2 -->
	<!-- Complaint about the FUP 1 of this costumer -->
	<!-- Complaint 1 about the FUP 1 of this costumer -->
	<bean id="complaint1_1_2" class="domain.Complaint">
		<property name="ticker" value="345678-ASDFGH" />
		<property name="moment" value="11/11/2016 17:14" />
		<property name="description" value="table can't even stay on itself" />
		<property name="fixUpTask">
			<ref bean="fixUpTask1_2" />
		</property>
	</bean>

	<!-- Complaint 2 about the FUP 1 of this costumer -->
	<bean id="complaint2_1_2" class="domain.Complaint">
		<property name="ticker" value="954302-ASDFGH" />
		<property name="moment" value="02/11/2016 17:14" />
		<property name="description" value="Need a new one." />
		<property name="fixUpTask">
			<ref bean="fixUpTask1_2" />
		</property>
	</bean>

	<!-- Complaint 1 about the FUP 2 of this costumer -->
	<bean id="complaint1_2_2" class="domain.Complaint">
		<property name="ticker" value="346408-ASDFGP" />
		<property name="moment" value="11/11/2016 17:14" />
		<property name="description" value="I'm not satisfied with the result" />
		<property name="fixUpTask">
			<ref bean="fixUpTask2_2" />
		</property>
	</bean>

	<!-- Complaint 2 about the FUP 2 of this costumer -->
	<bean id="complaint2_2_2" class="domain.Complaint">
		<property name="ticker" value="632456-ASDFGH" />
		<property name="moment" value="04/10/2016 17:14" />
		<property name="description" value="Need a new one." />
		<property name="fixUpTask">
			<ref bean="fixUpTask2_2" />
		</property>
	</bean>
	
	<!-- Complaint non-assigned -->
	<bean id="complaint_X" class="domain.Complaint">
		<property name="ticker" value="612456-ASDFGH" />
		<property name="moment" value="06/11/2016 08:15" />
		<property name="description" value="Want more attention." />
		<property name="fixUpTask">
			<ref bean="fixUpTask2_2" />
		</property>
	</bean>
	


	<!-- REPORTs -->

	<!-- Report for the complaint 1 of the fixuptask 1 of the customer 1 -->
	<bean id="reportC_1_1_1" class="domain.Report">
		<property name="publishedMoment" value="09/11/2016 10:38" />
		<property name="description"
			value="Evaluated the funcionality of the replicant, and it worked perfectly with no signs of malfunctioning." />
		<property name="attachments" value="http://www.reports.es/replicant" />
		<property name="isFinal" value="false" />
		<property name="complaint" ref="complaint1_1_1" />
		<property name="notes">
			<list>
				<ref bean="note1" />
				<ref bean="note2" />
				<ref bean="note3" />
			</list>
		</property>
	</bean>

	<!-- Report for the complaint 2 of the fixuptask 1 of the customer 1 -->
	<bean id="reportC_2_1_1" class="domain.Report">
		<property name="publishedMoment" value="09/11/2016 10:38" />
		<property name="description"
			value="Evaluated the funcionality of one replicant, and it worked perfectly with no signs of malfunctioning." />
		<property name="attachments" value="http://www.reports.es/replicant" />
		<property name="isFinal" value="true" />
		<property name="complaint" ref="complaint2_1_1" />
		<property name="notes">
			<list>
				<ref bean="note4" />
				<ref bean="note5" />
				<ref bean="note6" />
			</list>
		</property>
	</bean>

	<!-- Report for the complaint 1 of the fixuptask 1 of the customer 2 -->
	<bean id="reportC1_1_2" class="domain.Report">
		<property name="publishedMoment" value="09/11/2016 10:38" />
		<property name="description"
			value="Evaluated the funcionality of the replicants, and it worked perfectly with no signs of malfunctioning." />
		<property name="attachments" value="http://www.reports.es/replicant" />
		<property name="isFinal" value="true" />
		<property name="complaint" ref="complaint1_1_2" />
		<property name="notes">
			<list>
				<ref bean="note7" />
				<ref bean="note8" />
				<ref bean="note9" />
			</list>
		</property>
	</bean>

	<!-- Report for the complaint 2 of the fixuptask 1 of the customer 2 -->
	<bean id="reportC2_1_2" class="domain.Report">
		<property name="publishedMoment" value="30/11/2016 10:38" />
		<property name="description"
			value="Evaluated the funcionality of the replicants, and it worked perfectly with no signs of malfunctioning." />
		<property name="attachments" value="http://www.reports.es/replicant" />
		<property name="isFinal" value="false" />
		<property name="complaint" ref="complaint2_1_2" />
		<property name="notes">
			<list>
				<ref bean="note10" />
				<ref bean="note11" />
				<ref bean="note12" />
			</list>
		</property>
	</bean>

	<!-- NOTEs -->

	<!-- Notes for the report reportC_1_1_1 -->
	<bean id="note1" class="domain.Note">
		<property name="publishedMoment" value="04/11/2016 12:03" />
		<property name="refereeComment" value="'None yet'" />
		<property name="customerComment"
			value="I don't agree with you, it acts weird when I am alone with it." />
		<property name="handyWorkerComment" value="'None yet'" />
		<property name="report" ref="reportC_1_1_1" />
	</bean>

	<bean id="note2" class="domain.Note">
		<property name="publishedMoment" value="01/11/2016 12:03" />
		<property name="refereeComment" value="'None yet'" />
		<property name="customerComment"
			value="I don't agree with you, it acts weird when I am alone with it." />
		<property name="handyWorkerComment" value="'None yet'" />
		<property name="report" ref="reportC_1_1_1" />
	</bean>

	<bean id="note3" class="domain.Note">
		<property name="publishedMoment" value="03/11/2016 12:03" />
		<property name="refereeComment" value="'None yet'" />
		<property name="customerComment"
			value="I don't agree with you, it acts weird when I am alone with it." />
		<property name="handyWorkerComment" value="'None yet'" />
		<property name="report" ref="reportC_1_1_1" />
	</bean>

	<!-- Notes for the report reportC_2_1_1 -->
	<bean id="note4" class="domain.Note">
		<property name="publishedMoment" value="21/11/2016 12:03" />
		<property name="refereeComment" value="'None yet'" />
		<property name="customerComment"
			value="I don't agree with you, it acts weird when I am alone with it." />
		<property name="handyWorkerComment" value="'None yet'" />
		<property name="report" ref="reportC_2_1_1" />
	</bean>

	<bean id="note5" class="domain.Note">
		<property name="publishedMoment" value="23/11/2016 12:03" />
		<property name="refereeComment" value="'None yet'" />
		<property name="customerComment"
			value="I don't agree with you, it acts weird when I am alone with it." />
		<property name="handyWorkerComment" value="'None yet'" />
		<property name="report" ref="reportC_2_1_1" />
	</bean>

	<bean id="note6" class="domain.Note">
		<property name="publishedMoment" value="22/11/2016 12:03" />
		<property name="refereeComment" value="'None yet'" />
		<property name="customerComment"
			value="I don't agree with you, it acts weird when I am alone with it." />
		<property name="handyWorkerComment" value="'None yet'" />
		<property name="report" ref="reportC_2_1_1" />
	</bean>

	<!-- Notes for the report reportC1_1_2 -->

	<bean id="note7" class="domain.Note">
		<property name="publishedMoment" value="09/11/2016 12:03" />
		<property name="refereeComment" value="'None yet'" />
		<property name="customerComment"
			value="I don't agree with you, it acts weird when I am alone with it." />
		<property name="handyWorkerComment" value="'None yet'" />
		<property name="report" ref="reportC1_1_2" />
	</bean>

	<bean id="note8" class="domain.Note">
		<property name="publishedMoment" value="05/11/2016 12:03" />
		<property name="refereeComment" value="'None yet'" />
		<property name="customerComment"
			value="I don't agree with you, it acts weird when I am alone with it." />
		<property name="handyWorkerComment" value="'None yet'" />
		<property name="report" ref="reportC1_1_2" />
	</bean>

	<bean id="note9" class="domain.Note">
		<property name="publishedMoment" value="29/11/2016 12:03" />
		<property name="refereeComment" value="'None yet'" />
		<property name="customerComment"
			value="I don't agree with you, it acts weird when I am alone with it." />
		<property name="handyWorkerComment" value="'None yet'" />
		<property name="report" ref="reportC1_1_2" />
	</bean>


	<!-- Notes for the report reportC2_1_2 -->
	<bean id="note10" class="domain.Note">
		<property name="publishedMoment" value="30/11/2016 12:03" />
		<property name="refereeComment" value="'None yet'" />
		<property name="customerComment"
			value="I don't agree with you, it acts weird when I am alone with it." />
		<property name="handyWorkerComment" value="'None yet'" />
		<property name="report" ref="reportC2_1_2" />
	</bean>

	<bean id="note11" class="domain.Note">
		<property name="publishedMoment" value="12/11/2016 12:03" />
		<property name="refereeComment" value="'None yet'" />
		<property name="customerComment"
			value="I don't agree with you, it acts weird when I am alone with it." />
		<property name="handyWorkerComment" value="'None yet'" />
		<property name="report" ref="reportC2_1_2" />
	</bean>

	<bean id="note12" class="domain.Note">
		<property name="publishedMoment" value="18/11/2016 12:03" />
		<property name="refereeComment" value="'None yet'" />
		<property name="customerComment"
			value="I don't agree with you, it acts weird when I am alone with it." />
		<property name="handyWorkerComment" value="'None yet'" />
		<property name="report" ref="reportC2_1_2" />
	</bean>

	<!-- Sponsorships -->

	<!-- Sponsorship 1 of sponsor 1 -->

	<bean id="sponsorship1_1" class="domain.Sponsorship">
		<property name="banner"
			value="http://2.bp.blogspot.com/-8TFZxUDrFCg/UEx8iJXnZPI/AAAAAAAAARw/RgR7KVxC42g/s1600/Absolutely-Random-banner.jpg" />
		<property name="targetPage" value="http://www.random.es" />
		<property name="creditCard" ref="creditCard1" />
		<property name="sponsor" ref="sponsor1" />
	</bean>


	<!-- Sponsorship 2 of sponsor 1 -->
	<bean id="sponsorship2_1" class="domain.Sponsorship">
		<property name="banner"
			value="http://2.bp.blogspot.com/-8TFZxUDrFCg/UEx8iJXnZPI/AABBBAAAAARw/RgR7KVxC42g/s1600/Absolutely-Random-banner.jpg" />
		<property name="targetPage" value="http://www.random.com" />
		<property name="creditCard" ref="creditCard2" />
		<property name="sponsor" ref="sponsor1" />
	</bean>

	<!-- Sponsorship 3 of sponsor 1 -->

	<bean id="sponsorship3_1" class="domain.Sponsorship">
		<property name="banner"
			value="https://img00.deviantart.net/9480/i/2011/046/4/a/random_banner_by_mobianangel11-d39nc1t.png" />
		<property name="targetPage" value="http://www.random.com" />
		<property name="creditCard" ref="creditCard3" />
		<property name="sponsor" ref="sponsor1" />
	</bean>

	<!-- Sponsorship 1 of sponsor 2 -->

	<bean id="sponsorship1_2" class="domain.Sponsorship">
		<property name="banner"
			value="https://img00.deviantart.net/9480/i/2011/046/4/a/random_banner_by_mobianangel11-d39nc1t.png" />
		<property name="targetPage" value="http://www.random.com" />
		<property name="creditCard" ref="creditCard4" />
		<property name="sponsor" ref="sponsor2" />
	</bean>


	<!-- Sponsorship 2 of sponsor 2 -->

	<bean id="sponsorship2_2" class="domain.Sponsorship">
		<property name="banner"
			value="https://img00.deviantart.net/9480/i/2011/046/4/a/random_banner_by_mobianangel11-d39nc1t.png" />
		<property name="targetPage" value="http://www.random.com" />
		<property name="creditCard" ref="creditCard5" />
		<property name="sponsor" ref="sponsor2" />
	</bean>

	<!-- Sponsorship 3 of sponsor 2 -->

	<bean id="sponsorship3_2" class="domain.Sponsorship">
		<property name="banner"
			value="https://img00.deviantart.net/9480/i/2011/046/4/a/random_banner_by_mobianangel11-d39nc1t.png" />
		<property name="targetPage" value="http://www.random.com" />
		<property name="creditCard" ref="creditCard6" />
		<property name="sponsor" ref="sponsor2" />
	</bean>



</beans>