<?xml version="1.0" encoding="UTF-8"?>

<!-- 
 * servlet.xml
 *
 * Copyright (C) 2017 Universidad de Sevilla
 * 
 * The use of this project is hereby constrained to the conditions of the 
 * TDG Licence, a copy of which you may download from 
 * http://www.tdg-seville.info/License.html
 -->

<beans xmlns="http://www.springframework.org/schema/beans"
	xmlns:xsi="http://www.w3.org/2001/XMLSchema-instance" xmlns:context="http://www.springframework.org/schema/context"
	xmlns:mvc="http://www.springframework.org/schema/mvc" xmlns:jpa="http://www.springframework.org/schema/data/jpa"
	xmlns:tx="http://www.springframework.org/schema/tx" xmlns:security="http://www.springframework.org/schema/security"
	xsi:schemaLocation="
		http://www.springframework.org/schema/beans http://www.springframework.org/schema/beans/spring-beans-4.0.xsd
        http://www.springframework.org/schema/context http://www.springframework.org/schema/context/spring-context-4.0.xsd
	    http://www.springframework.org/schema/mvc http://www.springframework.org/schema/mvc/spring-mvc-4.0.xsd
	    http://www.springframework.org/schema/data/jpa http://www.springframework.org/schema/data/jpa/spring-jpa-1.3.xsd
	    http://www.springframework.org/schema/tx http://www.springframework.org/schema/tx/spring-tx-4.0.xsd
	    http://www.springframework.org/schema/security http://www.springframework.org/schema/security/spring-security-3.2.xsd
	">

	<!-- Context -->

	<import resource="config/packages.xml" />

	<context:annotation-config />

	<mvc:annotation-driven validator="validator"
		conversion-service="conversionService" />

	<!-- Converters -->

	<import resource="config/converters.xml" />

	<bean id="conversionService"
		class="org.springframework.format.support.FormattingConversionServiceFactoryBean">
		<property name="converters" ref="converters" />
	</bean>

	<!-- Data -->

	<import resource="datasource.xml" />

	<bean id="openEntityManagerInViewInterceptor"
		class="org.springframework.orm.jpa.support.OpenEntityManagerInViewInterceptor" />

	<mvc:interceptors>
		<mvc:interceptor>
			<mvc:mapping path="/**/*.do" />
			<ref bean="openEntityManagerInViewInterceptor" />
		</mvc:interceptor>
	</mvc:interceptors>

	<!-- I18n and L10n -->

	<import resource="config/i18n-l10n.xml" />

	<bean id="messageSource"
		class="org.springframework.context.support.ReloadableResourceBundleMessageSource">
		<property name="cacheSeconds" value="1" />
		<property name="basenames" ref="messages" />
		<property name="defaultEncoding" value="ISO-8859-1" />
		<property name="fallbackToSystemLocale" value="false" />
	</bean>

	<bean id="localeResolver"
		class="org.springframework.web.servlet.i18n.CookieLocaleResolver">
		<property name="defaultLocale" value="en" />
		<property name="cookieName" value="language" />
		<property name="cookieMaxAge" value="100000" />
	</bean>

	<bean id="localeChangeInterceptor"
		class="org.springframework.web.servlet.i18n.LocaleChangeInterceptor">
		<property name="paramName" value="language" />
	</bean>

	<bean id="handlerMapping"
		class="org.springframework.web.servlet.mvc.annotation.DefaultAnnotationHandlerMapping">
		<property name="interceptors">
			<ref bean="localeChangeInterceptor" />
		</property>
	</bean>

	<mvc:interceptors>
		<mvc:interceptor>
			<mvc:mapping path="/**/*.do" />
			<ref bean="localeChangeInterceptor" />
		</mvc:interceptor>
	</mvc:interceptors>

	<!-- Validator -->

	<bean name="validator"
		class="org.springframework.validation.beanvalidation.LocalValidatorFactoryBean">
		<property name="validationMessageSource" ref="messageSource" />
	</bean>

	<!-- Security -->

	<import resource="config/security.xml" />

	<security:authentication-manager>
		<security:authentication-provider
			user-service-ref="loginService">
			<security:password-encoder ref="passwordEncoder" />
		</security:authentication-provider>
	</security:authentication-manager>

	<!-- Tiles -->

	<import resource="config/tiles.xml" />

	<bean id="tilesConfigurer"
		class="org.springframework.web.servlet.view.tiles2.TilesConfigurer">
		<property name="definitions" ref="tiles" />
	</bean>

	<bean id="viewResolver"
		class="org.springframework.web.servlet.view.UrlBasedViewResolver">
		<property name="viewClass"
			value="org.springframework.web.servlet.view.tiles2.TilesView" />
	</bean>

</beans>